Time,IP
2021-10-10 02:56:32,93.158.90.114
2021-10-09 20:01:19,3.80.192.211
2021-10-06 23:37:19,144.76.27.118
2021-10-05 19:19:48,168.119.140.254
2021-10-03 09:55:25,3.94.81.106
2021-10-03 05:16:55,157.90.177.226
2021-10-02 13:31:10,185.191.171.33
2021-10-01 19:57:22,108.41.14.110
2021-09-30 10:11:35,185.191.171.24
2021-09-28 15:56:16,54.70.40.11
2021-09-28 14:49:59,54.70.40.11
2021-09-24 18:08:43,51.222.253.2
2021-09-15 06:26:52,185.191.171.8
2021-09-13 19:15:38,54.70.40.11
2021-09-13 15:07:55,54.70.40.11
2021-09-13 09:36:30,157.90.177.226
2021-09-06 16:39:26,54.70.40.11
2021-09-05 14:52:20,95.216.96.170
2021-09-05 00:00:11,95.216.96.243
2021-09-04 15:51:22,54.70.40.11
2021-09-04 14:39:26,185.191.171.17
2021-09-04 13:56:29,54.70.40.11
2021-09-02 08:17:28,185.191.171.20
2021-09-01 12:06:54,114.119.139.42
2021-08-25 08:39:55,54.70.40.11
2021-08-25 07:43:11,54.70.40.11
2021-08-24 16:16:44,66.249.64.108
2021-08-24 15:02:54,54.70.40.11
2021-08-15 14:58:22,185.191.171.13
2021-08-12 13:32:28,54.70.40.11
2021-08-11 22:22:01,157.90.177.226
2021-08-11 22:20:56,54.70.40.11
2021-08-10 19:44:35,207.46.13.67
2021-08-10 05:15:11,139.18.2.214
2021-08-10 02:46:54,54.70.40.11
2021-08-05 10:58:01,104.128.16.84
2021-08-05 01:19:12,144.76.27.118
2021-07-30 11:35:30,54.70.40.11
2021-07-29 11:12:04,65.21.180.0
2021-07-22 09:01:03,54.70.40.11
2021-07-22 00:21:23,54.70.40.11
2021-07-20 12:17:11,54.70.40.11
2021-07-15 15:08:44,185.191.171.36
2021-07-13 09:06:56,185.191.171.20
2021-07-02 06:51:16,185.191.171.7
2021-07-01 23:16:36,95.216.96.254
2021-06-30 08:56:06,54.70.40.11
2021-06-30 00:02:29,185.191.171.36
2021-06-28 15:05:35,40.77.167.6
2021-06-25 02:02:26,104.128.17.114
2021-06-22 22:30:50,54.70.40.11
2021-06-22 10:28:28,54.70.40.11
2021-06-22 02:46:22,54.70.40.11
2021-06-18 13:24:05,54.36.148.145
2021-06-15 23:29:00,95.216.96.170
2021-06-15 01:28:14,144.76.27.118
2021-06-12 19:18:01,157.90.177.226
2021-06-08 23:49:13,54.70.40.11
2021-06-08 17:13:40,54.70.40.11
2021-06-08 09:02:35,54.36.149.15
2021-06-07 19:17:28,54.70.40.11
2021-06-04 10:59:09,94.130.237.182
2021-06-04 06:10:56,185.191.171.24
2021-06-01 22:50:47,185.191.171.33
2021-06-01 12:07:06,216.244.66.194
2021-06-01 10:30:17,54.70.40.11
2021-06-01 02:20:15,54.70.40.11
2021-05-31 08:17:20,95.216.96.170
2021-05-24 15:37:24,54.146.86.99
2021-05-23 17:34:43,54.70.40.11
2021-05-22 07:26:42,157.90.177.226
2021-05-21 02:48:56,185.191.171.2
2021-05-19 22:05:56,54.70.40.11
2021-05-18 23:11:41,54.70.40.11
2021-05-18 18:27:33,185.191.171.26
2021-05-13 20:31:28,54.70.40.11
2021-05-13 01:00:58,135.181.83.154
2021-05-11 14:23:27,207.46.13.167
2021-05-09 15:33:16,207.46.13.58
2021-05-08 21:28:08,207.46.13.56
2021-05-06 23:44:48,94.130.237.182
2021-05-05 06:58:22,54.70.40.11
2021-05-04 19:53:20,54.70.40.11
2021-05-04 09:41:08,54.70.40.11
2021-05-02 04:05:31,185.191.171.15
2021-05-01 02:53:26,159.69.189.223
2021-04-30 16:05:16,54.237.226.182
2021-04-30 00:37:23,95.216.96.254
2021-04-29 17:42:39,185.191.171.7
2021-04-20 22:12:10,54.70.40.11
2021-04-20 08:07:36,54.70.40.11
2021-04-18 03:44:07,185.191.171.26
2021-04-15 13:08:24,185.191.171.16
2021-04-15 01:40:48,144.76.27.118
2021-04-08 15:03:51,54.70.40.11
2021-04-08 06:38:59,54.70.40.11
2021-04-07 12:32:06,54.70.40.11
2021-04-06 17:07:23,52.201.160.66
2021-03-26 17:44:35,94.130.16.31
2021-03-24 12:37:54,157.55.39.198
2021-03-23 05:52:39,54.70.40.11
2021-03-19 19:55:07,185.191.171.36
2021-03-19 05:35:50,104.128.22.19
2021-03-18 13:39:57,95.216.96.243
2021-03-17 09:03:04,54.70.40.11
2021-03-17 08:13:14,54.70.40.11
2021-03-16 19:05:05,54.70.40.11
2021-03-16 16:54:05,185.191.171.22
2021-03-09 00:18:01,95.216.157.237
2021-03-04 01:28:21,95.216.96.243
2021-03-03 16:23:02,54.70.40.11
2021-03-02 23:00:14,54.70.40.11
2021-03-02 15:35:43,54.70.40.11
2021-02-28 03:10:47,216.244.66.194
2021-02-26 20:07:59,157.55.39.78
2021-02-26 17:54:56,17.58.97.200
2021-02-24 18:26:10,208.88.201.48
2021-02-23 17:56:18,54.70.40.11
2021-02-19 18:38:26,185.191.171.21
2021-02-17 09:17:28,95.216.96.254
2021-02-17 02:48:30,185.191.171.26
2021-02-17 00:14:29,54.70.40.11
2021-02-16 16:54:19,54.70.40.11
2021-02-13 18:38:23,144.76.27.118
2021-02-13 14:34:33,185.191.171.38
2021-02-13 03:19:49,81.209.177.145
2021-02-10 13:55:22,185.191.171.42
2021-02-10 08:22:51,54.70.40.11
2021-02-10 01:27:33,54.70.40.11
2021-02-09 00:11:17,34.234.54.252
2021-02-06 08:03:50,104.128.17.145
2021-02-04 13:52:49,54.36.149.32
2021-02-03 07:54:18,54.70.40.11
2021-02-03 07:37:16,95.216.96.254
2021-01-30 08:15:12,94.130.16.31
2021-01-28 06:45:38,118.103.238.33
2021-01-26 05:26:10,54.70.40.11
2021-01-24 10:03:11,54.70.40.11
2021-01-23 00:18:22,54.70.40.11
2021-01-18 09:28:05,185.191.171.6
2021-01-15 12:10:11,185.191.171.10
2021-01-14 05:10:05,161.97.144.155
2021-01-13 18:48:18,159.69.189.199
2021-01-12 19:16:58,93.158.161.42
2021-01-12 18:51:36,54.70.40.11
2021-01-12 01:24:20,54.70.40.11
2021-01-06 07:05:27,54.70.40.11
2021-01-05 06:21:57,45.5.67.32
2020-12-30 05:44:08,54.70.40.11
2020-12-29 21:09:43,54.70.40.11
2020-12-29 01:30:51,54.70.40.11
2020-12-20 14:36:26,95.216.96.170
2020-12-20 11:30:54,54.70.40.11
2020-12-17 00:02:48,54.70.40.11
2020-12-15 12:35:07,54.36.148.184
2020-12-15 07:28:29,161.97.144.155
2020-12-15 05:54:42,54.70.40.11
2020-12-13 22:06:19,94.130.16.31
2020-12-08 23:20:09,144.76.27.118
2020-12-06 00:25:25,54.70.40.11
2020-12-05 23:09:51,54.70.40.11
2020-12-05 17:57:06,54.70.40.11
2020-12-04 17:06:08,185.191.171.42
2020-12-03 14:43:18,95.216.96.245
2020-12-03 12:47:35,95.216.96.243
2020-12-01 14:06:27,185.191.171.45
2020-11-27 17:05:38,216.244.66.194
2020-11-24 12:13:52,54.70.40.11
2020-11-23 22:59:41,17.58.97.203
2020-11-23 21:18:32,54.70.40.11
2020-11-22 13:45:19,185.191.171.33
2020-11-21 15:37:11,93.158.161.42
2020-11-20 13:06:34,159.69.189.200
2020-11-19 14:11:27,185.191.171.3
2020-11-13 23:55:05,54.70.40.11
2020-11-13 22:47:21,185.191.171.38
2020-11-08 04:04:17,185.191.171.36
2020-11-05 05:20:35,185.191.171.8
2020-11-03 00:04:44,54.70.40.11
2020-11-02 21:24:34,66.249.75.208
2020-11-02 01:08:19,104.237.245.115
2020-11-01 01:10:17,95.216.96.254
2020-10-27 04:47:11,185.191.171.7
2020-10-21 15:51:19,185.191.171.19
2020-10-20 16:12:10,54.70.40.11
2020-10-20 06:32:44,46.4.107.51
2020-10-20 01:18:26,192.200.18.207
2020-10-19 22:04:39,54.70.40.11
2020-10-19 14:17:21,54.70.40.11
2020-10-16 16:17:12,108.6.23.29
2020-10-13 07:18:53,95.216.96.254
2020-10-12 18:28:44,54.70.40.11
2020-10-09 18:08:15,54.36.148.93
2020-10-06 23:41:51,54.70.40.11
2020-10-06 18:51:02,54.70.40.11
2020-10-06 02:18:32,54.70.40.11
2020-09-28 16:32:15,54.70.40.11
2020-09-28 15:29:03,54.70.40.11
2020-09-28 14:32:09,54.70.40.11
2020-09-26 23:26:46,144.76.27.118
2020-09-26 20:17:51,95.216.157.233
2020-09-26 03:17:05,95.216.96.243
2020-09-21 14:41:10,54.70.40.11
2020-09-21 13:32:14,54.70.40.11
2020-09-19 17:43:30,192.200.16.182
2020-09-19 08:43:41,185.191.171.2
2020-09-14 14:13:05,54.70.40.11
2020-09-09 23:17:09,95.216.96.242
2020-09-07 19:54:25,54.70.40.11
2020-09-07 16:52:53,54.70.40.11
2020-09-07 16:20:38,54.70.40.11
2020-09-06 05:34:28,46.229.168.147
2020-09-03 04:04:49,46.229.168.129
2020-09-02 21:16:29,46.229.168.144
2020-08-31 14:43:33,54.70.40.11
2020-08-31 14:13:01,54.70.40.11
2020-08-26 00:31:16,216.244.66.194
2020-08-25 02:41:44,54.36.148.222
2020-08-24 17:25:13,54.70.40.11
2020-08-24 17:09:03,54.70.40.11
2020-08-24 14:38:07,54.70.40.11
2020-08-23 18:50:26,95.216.96.170
2020-08-20 07:22:15,192.200.18.157
2020-08-20 07:22:14,192.200.18.157
2020-08-16 09:36:42,46.229.168.135
2020-08-15 08:44:02,95.216.96.244
2020-08-13 11:52:48,46.229.168.135
2020-08-11 22:45:26,54.70.40.11
2020-08-11 15:48:36,54.70.40.11
2020-08-10 20:36:06,46.229.168.144
2020-08-10 18:59:38,54.70.40.11
2020-08-08 05:37:43,66.249.75.68
2020-08-07 13:59:29,46.229.168.154
2020-08-03 23:02:58,46.229.168.136
2020-08-03 17:02:38,95.216.157.228
2020-07-31 17:15:19,46.229.168.129
2020-07-28 18:29:48,46.229.168.161
2020-07-25 12:51:56,95.216.96.254
2020-07-20 15:47:42,192.200.16.210
2020-07-20 15:47:42,192.200.16.210
2020-07-18 21:09:27,46.229.168.146
2020-07-15 16:17:07,54.70.40.11
2020-07-15 03:55:01,54.70.40.11
2020-07-14 19:32:22,46.229.168.138
2020-07-14 08:54:32,54.70.40.11
2020-07-14 05:41:51,46.229.168.146
2020-07-12 22:49:57,40.77.167.111
2020-07-10 04:05:35,3.234.241.200
2020-07-05 04:10:32,95.216.96.245
2020-07-05 01:22:33,95.216.96.242
2020-07-03 17:20:22,46.229.168.143
2020-06-29 14:20:53,54.70.40.11
2020-06-28 05:32:39,144.76.27.118
2020-06-23 02:25:37,46.229.168.162
2020-06-22 16:48:57,54.70.40.11
2020-06-22 14:12:25,54.70.40.11
2020-06-22 12:03:58,54.70.40.11
2020-06-20 10:30:49,5.45.82.205
2020-06-20 10:19:31,5.45.82.205
2020-06-20 06:26:33,88.99.1.66
2020-06-19 02:21:00,95.216.96.244
2020-06-18 17:59:25,54.36.148.116
2020-06-17 03:40:43,208.166.54.90
2020-06-17 03:40:43,208.166.54.90
2020-06-15 04:21:40,34.234.54.252
2020-06-11 09:18:42,157.55.39.235
2020-06-10 04:57:33,46.229.168.129
2020-06-06 03:18:08,199.47.87.142
2020-06-01 19:43:00,54.70.40.11
2020-06-01 14:51:40,34.234.54.252
2020-05-31 02:26:48,54.70.40.11
2020-05-31 01:06:26,54.70.40.11
2020-05-28 10:39:20,159.69.189.223
2020-05-21 10:59:47,173.46.245.156
2020-05-19 12:34:17,176.113.115.110
2020-05-19 12:34:16,176.113.115.110
2020-05-19 12:34:16,176.113.115.110
2020-05-19 12:34:16,176.113.115.110
2020-05-19 12:34:16,176.113.115.110
2020-05-19 12:34:16,176.113.115.110
2020-05-19 12:34:13,176.113.115.110
2020-05-19 12:34:13,176.113.115.110
2020-05-19 12:34:13,176.113.115.110
2020-05-19 12:34:13,176.113.115.110
2020-05-19 12:34:13,176.113.115.110
2020-05-19 12:34:13,176.113.115.110
2020-05-19 12:34:13,176.113.115.110
2020-05-19 12:34:13,176.113.115.110
2020-05-19 12:34:13,176.113.115.110
2020-05-19 12:34:13,176.113.115.110
2020-05-19 12:34:13,176.113.115.110
2020-05-19 12:34:13,176.113.115.110
2020-05-19 12:34:13,176.113.115.110
2020-05-19 12:34:13,176.113.115.110
2020-05-19 12:34:13,176.113.115.110
2020-05-19 12:34:13,176.113.115.110
2020-05-19 12:34:13,176.113.115.110
2020-05-19 12:34:13,176.113.115.110
2020-05-19 12:34:13,176.113.115.110
2020-05-19 12:34:13,176.113.115.110
2020-05-19 12:34:13,176.113.115.110
2020-05-19 12:33:56,176.113.115.110
2020-05-19 12:33:56,176.113.115.110
2020-05-18 15:13:36,54.70.40.11
2020-05-12 07:35:55,54.70.40.11
2020-05-12 02:25:10,54.70.40.11
2020-05-11 19:12:58,54.70.40.11
2020-04-29 17:54:07,212.71.244.176
2020-04-29 11:16:31,54.70.40.11
2020-04-29 10:46:03,54.70.40.11
2020-04-29 10:06:15,54.70.40.11
2020-04-21 04:43:37,54.70.40.11
2020-04-21 01:24:43,54.70.40.11
2020-04-20 21:47:57,54.70.40.11
2020-03-31 03:59:59,54.70.40.11
2020-03-24 11:11:41,54.70.40.11
2020-03-24 09:08:17,54.70.40.11
2020-03-24 01:05:32,54.70.40.11
2020-03-17 03:54:07,54.70.40.11
2020-03-17 03:25:24,54.70.40.11
2020-03-16 16:59:31,54.70.40.11
2020-03-09 22:10:19,54.70.40.11
2020-03-07 04:15:08,82.193.117.90
2020-02-25 20:18:49,54.70.40.11
2020-02-25 17:07:34,54.70.40.11
2020-02-24 17:26:46,54.70.40.11
2020-02-04 00:26:14,54.70.40.11
2020-02-03 22:54:41,54.70.40.11
2020-02-03 21:01:11,54.70.40.11
2020-01-28 02:46:58,54.70.40.11
2020-01-28 00:41:25,54.70.40.11
2020-01-28 00:26:27,54.70.40.11
2020-01-14 02:09:10,54.70.40.11
2020-01-14 00:13:28,54.70.40.11
2020-01-13 18:23:25,54.70.40.11
2020-01-08 20:06:10,117.98.128.78
2020-01-06 15:51:23,54.70.40.11
2019-12-31 09:33:03,54.70.40.11
2019-12-31 03:37:40,54.70.40.11
2019-12-30 13:46:30,54.70.40.11
2019-11-22 12:56:44,46.229.168.134
2019-11-05 05:56:41,54.70.40.11
2019-11-05 05:12:16,54.70.40.11
2019-11-05 03:41:04,54.70.40.11
2019-10-29 07:34:22,54.70.40.11
2019-10-29 05:34:12,54.70.40.11
2019-10-29 02:08:59,54.70.40.11
2019-10-15 02:54:56,54.70.40.11
2019-10-14 21:41:15,54.70.40.11
2019-10-08 13:56:11,54.70.40.11
2019-10-08 05:52:03,54.70.40.11
2019-10-07 22:08:52,54.70.40.11
2019-10-01 02:27:00,54.70.40.11
2019-10-01 01:34:01,54.70.40.11
2019-09-24 05:24:46,54.70.40.11
2019-09-24 03:08:13,54.70.40.11
2019-09-16 20:13:12,54.70.40.11
2019-09-10 12:22:13,54.70.40.11
2019-09-10 04:07:17,54.70.40.11
2019-09-02 20:30:50,54.70.40.11
2019-09-02 19:16:07,54.70.40.11
2019-08-27 12:23:24,54.70.40.11
2019-08-27 02:11:39,54.70.40.11
2019-08-21 10:43:11,35.240.99.74
2019-08-20 01:59:34,54.70.40.11
2019-08-19 20:25:18,54.70.40.11
2019-08-19 19:12:30,54.70.40.11
2019-08-13 02:36:24,54.70.40.11
2019-08-12 22:14:57,54.70.40.11
2019-08-12 21:42:51,54.70.40.11
2019-08-06 05:01:55,54.70.40.11
2019-07-26 14:28:29,54.70.40.11
2019-07-26 11:48:16,54.70.40.11
2019-07-23 13:00:24,54.70.40.11
2019-07-22 09:47:59,35.241.165.236
2019-07-17 16:23:58,54.70.40.11
2019-07-17 08:11:09,54.70.40.11
2019-07-17 00:32:15,54.70.40.11
2019-06-22 08:52:23,34.77.73.92
2019-05-21 19:28:00,38.126.157.45
2019-05-11 12:36:18,54.70.40.11
2019-05-11 06:00:00,54.70.40.11
2019-05-11 01:30:13,54.70.40.11
2019-05-06 20:57:45,54.70.40.11
2019-05-06 20:53:36,54.70.40.11
2019-04-29 16:55:20,54.70.40.11
2019-04-29 16:41:46,54.70.40.11
2019-04-29 15:19:56,54.70.40.11
2019-04-21 18:39:38,35.240.95.91
2019-04-19 17:45:47,54.70.40.11
2019-04-19 13:56:19,54.70.40.11
2019-04-19 12:18:57,54.70.40.11
2019-04-06 13:35:27,54.70.40.11
2019-04-03 14:26:51,54.70.40.11
2019-03-30 16:10:42,54.70.40.11
2019-03-30 14:34:05,54.70.40.11
2019-03-30 12:03:28,54.70.40.11
2019-03-22 17:55:19,35.241.171.221
2019-03-22 14:04:54,54.70.40.11
2019-03-22 13:55:14,54.70.40.11
2019-03-20 14:50:04,54.70.40.11
2019-03-15 02:45:10,54.70.40.11
2019-03-15 01:52:32,54.70.40.11
2019-03-07 16:13:34,54.70.40.11
2019-03-07 15:49:14,54.70.40.11
2019-03-07 14:16:34,54.70.40.11
2019-02-24 14:38:41,54.70.40.11
2019-02-22 12:52:50,54.70.40.11
2019-02-20 13:20:02,54.70.40.11
2019-02-20 07:32:21,67.163.59.140
2019-02-07 17:20:41,54.70.40.11
2019-02-07 11:24:55,54.70.40.11
2019-01-31 15:41:22,54.70.40.11
2019-01-31 11:15:08,54.70.40.11
2019-01-28 14:21:24,54.70.40.11
2019-01-21 17:12:57,54.70.40.11
2019-01-21 15:44:36,54.70.40.11
2019-01-21 14:30:24,54.70.40.11
2019-01-13 19:28:38,54.70.40.11
2019-01-13 17:19:52,54.70.40.11
2019-01-07 12:46:13,54.70.40.11
2019-01-04 20:37:21,54.70.40.11
2019-01-04 13:06:50,54.70.40.11
2019-01-04 08:40:08,54.70.40.11
2018-12-20 12:35:25,35.205.43.178
2018-11-21 13:10:48,54.70.40.11
2018-11-21 11:47:54,54.70.40.11
2018-11-21 11:17:24,54.70.40.11
2018-11-19 19:29:20,35.241.217.122
2018-11-08 19:41:45,54.70.40.11
2018-11-08 19:16:05,54.70.40.11
2018-11-08 17:37:20,54.70.40.11
2018-11-01 21:13:10,54.70.40.11
2018-11-01 20:28:56,54.70.40.11
2018-10-31 05:55:30,96.47.229.195
2018-10-25 15:53:46,54.70.40.11
2018-10-25 11:40:58,54.70.40.11
2018-10-23 14:33:11,18.215.245.125
2018-10-19 09:26:22,35.233.94.10
2018-10-18 13:31:22,54.70.40.11
2018-10-18 11:50:04,54.70.40.11
2018-10-18 11:22:23,54.70.40.11
2018-10-15 10:39:32,185.234.217.19
2018-10-15 10:38:25,185.234.217.19
2018-10-15 10:38:17,185.234.217.19
2018-10-11 04:11:13,54.70.40.11
2018-10-11 01:16:14,54.70.40.11
2018-10-09 00:00:45,54.70.40.11
2018-10-06 20:35:09,54.70.40.11
2018-10-06 12:29:37,54.70.40.11
2018-10-05 13:02:16,54.70.40.11
2018-10-05 04:39:29,54.70.40.11
2018-10-04 16:24:11,54.70.40.11
2018-09-27 07:34:07,54.70.40.11
2018-09-27 07:34:07,54.70.40.11
2018-09-20 14:34:41,54.70.40.11
2018-09-20 14:34:40,54.70.40.11
2018-09-17 06:21:24,35.240.18.134
2018-09-10 09:07:47,220.243.136.73
2018-09-05 18:27:00,54.70.40.11
2018-09-05 18:26:56,54.70.40.11
2018-09-01 18:00:27,54.70.40.11
2018-08-30 04:31:03,54.70.40.11
2018-08-29 10:48:11,130.126.255.28
2018-08-11 18:33:35,54.70.40.11
2018-08-11 18:33:35,54.70.40.11
2018-07-26 15:17:10,54.70.40.11
2018-07-26 15:17:09,54.70.40.11
2018-07-18 15:12:27,54.70.40.11
2018-07-18 15:12:27,54.70.40.11
2018-07-18 15:12:27,54.70.40.11
2018-07-11 17:49:40,54.70.40.11
2018-07-11 17:49:38,54.70.40.11
2018-07-11 17:49:36,54.70.40.11
2018-07-09 07:57:21,69.117.75.80
2018-07-04 13:44:09,54.70.40.11
2018-07-04 13:44:08,54.70.40.11
2018-06-28 13:23:53,54.70.40.11
2018-06-28 13:23:53,54.70.40.11
2018-06-20 13:46:51,54.70.40.11
2018-06-20 13:46:48,54.70.40.11
2018-06-20 10:00:21,140.113.62.145
2018-06-18 03:53:20,104.199.17.151
2018-06-13 15:57:30,54.70.40.11
2018-06-13 15:57:29,54.70.40.11
2018-06-05 14:14:01,54.70.40.11
2018-06-05 14:13:58,54.70.40.11
2018-06-04 20:46:51,54.70.40.11
2018-05-30 13:13:13,54.70.40.11
2018-05-30 13:13:12,54.70.40.11
2018-05-23 23:00:39,54.70.40.11
2018-05-23 23:00:38,54.70.40.11
2018-05-23 23:00:36,54.70.40.11
2018-05-18 23:35:50,35.205.39.17
2018-05-16 16:47:48,54.70.40.11
2018-05-16 16:47:45,54.70.40.11
2018-05-10 12:51:05,54.70.40.11
2018-05-10 12:51:03,54.70.40.11
2018-04-25 15:22:40,54.70.40.11
2018-04-25 15:22:40,54.70.40.11
2018-04-15 02:41:06,23.251.135.157
2018-04-11 15:16:51,54.70.40.11
2018-04-10 13:32:54,54.70.40.11
2018-04-04 17:36:33,54.70.40.11
2018-04-04 17:36:32,54.70.40.11
2018-03-29 12:41:53,54.70.40.11
2018-03-27 16:56:33,54.70.40.11
2018-03-22 13:17:32,54.70.40.11
2018-03-22 13:17:32,54.70.40.11
2018-03-16 01:17:37,35.195.174.110
2018-03-15 00:19:18,54.70.40.11
2018-03-15 00:19:18,54.70.40.11
2018-03-15 00:19:18,54.70.40.11
2018-03-07 19:39:56,10.192.75.170
2018-03-06 22:26:41,54.70.40.11
2018-03-06 22:26:40,54.70.40.11
2018-02-28 12:51:39,54.70.40.11
2018-02-28 12:51:38,54.70.40.11
2018-02-28 12:51:37,54.70.40.11
2018-02-21 12:40:45,54.70.40.11
2018-02-21 12:40:40,54.70.40.11
2018-02-14 12:40:17,54.70.40.11
2018-02-14 12:40:14,54.70.40.11
2018-02-07 12:54:50,54.70.40.11
2018-02-07 12:54:48,54.70.40.11
2018-01-30 07:07:13,54.70.40.11
2018-01-30 07:07:12,54.70.40.11
2018-01-24 07:03:04,54.70.40.11
2018-01-23 16:08:00,54.70.40.11
2018-01-23 15:56:13,188.165.164.179
2018-01-17 03:16:30,54.70.40.11
2018-01-17 03:16:28,54.70.40.11
2018-01-09 14:44:06,54.70.40.11
2018-01-09 14:44:06,54.70.40.11
2018-01-02 12:58:15,54.70.40.11
2018-01-02 12:58:01,54.70.40.11
2017-12-26 14:08:29,54.70.40.11
2017-12-26 14:08:28,54.70.40.11
2017-12-26 14:08:27,54.70.40.11
2017-12-20 12:58:54,54.70.40.11
2017-12-20 12:58:52,54.70.40.11
2017-12-20 12:58:49,54.70.40.11
2017-12-12 13:05:24,54.70.40.11
2017-12-12 13:04:11,54.70.40.11
2017-12-12 13:03:13,54.70.40.11
2017-12-07 13:35:38,54.70.40.11
2017-12-07 13:35:21,54.70.40.11
2017-11-28 13:03:58,54.70.40.11
2017-11-28 13:03:53,54.70.40.11
2017-11-22 12:54:38,54.70.40.11
2017-11-22 12:54:37,54.70.40.11
2017-11-22 12:54:35,54.70.40.11
2017-11-14 23:48:38,54.70.40.11
2017-11-13 21:10:39,54.70.40.11
2017-11-09 01:04:54,35.184.189.105
2017-11-08 15:14:10,54.70.40.11
2017-11-08 15:14:08,54.70.40.11
2017-10-31 20:21:23,54.70.40.11
2017-10-31 20:21:23,54.70.40.11
2017-10-25 13:39:05,54.70.40.11
2017-10-25 13:39:02,54.70.40.11
2017-10-12 12:23:14,54.70.40.11
2017-10-12 12:23:14,54.70.40.11
2017-09-29 05:19:33,176.9.61.4
2017-09-29 05:19:32,176.9.61.4
2017-09-28 12:15:30,54.70.40.11
2017-09-28 12:15:11,54.70.40.11
2017-09-05 11:09:57,54.191.40.80
2017-08-25 22:03:33,183.38.95.181
2017-08-23 14:51:23,54.191.40.80
2017-08-21 02:36:08,68.168.100.144
2017-08-08 18:39:05,54.191.40.80
2017-08-05 11:06:59,148.251.144.116
2017-08-01 16:03:05,54.191.40.80
2017-07-16 07:22:37,89.212.22.23
2017-05-22 17:34:55,193.70.15.60
2017-05-20 16:42:19,193.70.15.60
2017-04-13 23:08:23,121.17.99.132
2017-04-12 00:24:13,47.90.107.118
2017-04-07 21:45:06,183.39.177.39
2016-10-01 06:04:26,113.118.244.21
2016-09-28 10:36:33,99.20.142.249
2016-09-12 20:41:06,188.165.229.190
2016-06-27 18:19:45,52.3.105.23
2016-06-22 03:45:29,129.7.154.7
2016-06-01 01:40:45,5.9.72.48
2016-05-24 23:10:56,5.9.72.48
2016-05-22 08:03:44,31.193.239.215
2016-02-22 01:58:52,68.168.100.72
2016-01-25 05:43:20,180.76.15.151
2016-01-18 10:39:50,167.114.0.27
2015-12-30 07:09:00,155.69.161.12
2015-12-21 05:55:16,212.115.224.115
2015-11-27 11:33:09,185.81.155.175
2015-11-25 21:49:57,216.17.109.3
2015-11-22 17:11:13,167.114.0.27
2015-11-18 15:16:45,91.223.82.48
2015-10-23 15:55:22,180.76.15.25
2015-10-22 17:36:09,180.76.15.29
2015-10-10 16:41:57,46.105.127.205
2015-10-04 10:42:03,125.253.121.29
2015-09-22 17:40:48,52.89.186.179
2015-09-20 06:24:21,180.76.15.150
2015-09-02 15:35:03,92.44.121.66
2015-08-19 19:39:55,217.29.51.172
2015-08-18 23:05:09,180.76.15.160
2015-08-18 13:12:28,188.240.88.17
2015-08-13 06:50:25,91.151.176.83
2015-08-11 15:05:19,54.187.24.118
2015-08-08 22:55:57,180.76.15.135
2015-07-01 23:48:45,180.76.15.148
2015-06-12 06:30:11,180.76.15.156
2015-06-08 22:47:54,192.99.151.77
2015-05-07 08:20:47,180.76.5.24
2015-05-04 21:41:00,89.108.105.13
2015-04-30 07:26:10,130.83.139.14
2015-04-24 20:26:02,54.213.0.17
2015-04-24 11:13:54,69.64.95.121
2015-04-16 16:28:09,180.76.6.156
2015-03-19 09:01:10,23.94.252.120
2015-03-13 04:27:37,155.223.40.10
2015-03-12 17:33:24,92.44.33.118
2015-03-10 07:24:58,155.223.40.10
2015-03-02 18:29:18,212.187.97.141
2015-03-02 16:50:17,142.104.35.104
2015-03-01 00:32:29,91.218.213.215
2015-02-20 19:38:33,178.62.113.95
2015-02-05 22:49:52,173.36.240.171
2015-02-01 16:38:29,178.63.66.72
2015-01-28 16:13:15,128.174.164.12
2014-10-02 16:40:46,192.99.149.88
2014-09-25 21:24:04,192.99.149.88
2014-09-24 16:22:06,172.17.123.10
2014-08-15 15:31:41,192.99.19.154
2014-08-14 20:04:09,192.99.19.154
2014-08-04 02:10:49,192.99.19.154
2014-08-01 15:05:54,162.223.10.198
2014-06-09 21:50:58,5.79.86.145
2014-05-03 21:39:52,61.187.54.9
2014-04-23 17:48:14,182.48.111.214
2014-04-22 02:20:55,37.228.105.7
2014-04-17 11:05:13,172.16.145.237
2014-04-17 11:05:02,172.16.145.237
2014-04-17 10:33:56,64.233.172.231
2013-12-09 06:08:13,119.39.124.170
2013-12-06 03:12:05,94.23.233.204
2013-11-26 09:09:47,69.106.235.131
2013-11-24 23:43:24,94.23.233.204
2013-11-08 15:48:25,94.23.233.204
2013-10-15 12:41:23,172.16.223.8
2013-09-29 12:56:41,174.123.66.4
2013-08-25 23:16:06,180.210.191.2
2013-07-14 06:50:37,171.33.132.241
2013-05-19 02:02:30,117.79.232.229
2013-05-08 20:57:17,219.140.61.239
2013-05-07 09:58:08,113.140.6.195
2013-05-02 12:12:25,77.190.64.253
2013-04-30 10:16:08,113.140.6.198
2013-04-18 01:59:26,155.185.49.148
2013-04-17 17:07:31,95.238.35.79
2013-04-14 06:43:29,89.14.213.248
2013-03-30 07:22:53,114.255.44.132
2013-03-29 11:12:53,173.36.196.11
2013-03-25 18:59:47,78.160.253.236
2013-03-05 02:38:41,117.218.31.32
2013-03-01 08:00:57,130.83.139.56
2013-02-05 21:04:32,219.145.194.18
2012-12-27 18:50:42,67.2.121.76
2012-12-18 04:26:43,220.168.39.130
2012-10-22 09:08:33,141.117.68.137
2012-10-22 09:07:29,141.117.68.137
2012-10-16 00:38:42,130.83.244.131
2012-10-15 16:46:38,182.118.21.218
2012-10-08 10:40:30,129.34.20.23
2012-09-30 06:44:39,168.131.154.2
2012-09-29 21:21:13,218.201.105.73
2012-09-13 08:34:41,130.83.139.168
2012-09-12 00:26:27,143.248.94.12
2012-09-09 09:08:03,188.67.211.78
2012-09-07 08:27:52,81.27.59.54
2012-09-06 15:30:58,85.195.101.146
2012-08-31 04:12:10,37.47.180.61
2012-08-21 18:07:34,180.149.133.38
2012-08-03 04:36:49,39.117.63.1
2012-07-18 12:19:52,204.154.109.20
2012-06-14 17:35:55,130.91.141.42
2012-05-15 06:22:32,212.50.147.101
2012-04-04 13:54:35,78.46.186.118
2012-03-24 01:12:31,88.214.193.210
2012-03-20 23:30:09,88.214.193.210
2012-03-16 12:24:54,98.206.140.149
2012-03-12 18:26:31,168.122.4.9
2012-03-04 22:25:49,166.111.68.198
2012-03-04 20:59:19,113.140.6.197
2012-02-29 14:38:58,113.142.11.178
2012-02-29 12:18:24,112.64.235.248
2012-02-29 09:41:58,147.8.182.14
2012-02-25 19:52:51,98.253.160.165
2012-02-25 04:57:32,81.31.190.249
2012-02-15 12:53:29,84.35.103.88
2012-02-06 07:06:37,115.248.50.20
2012-02-01 04:07:44,194.237.142.20
2012-01-31 10:00:29,46.4.240.7
2012-01-22 07:12:04,116.202.112.131
2012-01-18 10:19:29,150.164.11.79
2012-01-18 09:23:28,150.164.201.57
2012-01-17 13:31:52,187.20.212.153
2012-01-13 01:42:52,46.21.144.176
2011-12-29 10:52:59,110.171.78.6
2011-12-20 14:47:32,192.17.107.136
2011-12-11 09:41:14,175.111.91.71
2011-12-07 16:31:35,206.221.145.150
2011-12-01 14:28:09,130.83.220.142
2011-11-14 09:29:38,61.64.232.200
2011-11-14 09:29:31,61.64.232.200
2011-11-11 21:31:53,124.120.20.169
2011-10-26 00:32:01,222.19.226.41
2011-10-24 19:58:07,222.190.117.213
2011-09-09 04:13:29,123.30.53.112
2011-08-29 10:33:20,69.191.241.47
2011-08-24 12:22:38,128.54.43.81
2011-08-22 20:35:49,140.116.247.234
2011-08-15 17:31:55,192.17.104.139
2011-08-08 12:14:02,95.13.79.93
2011-06-17 15:31:17,152.14.243.104
2011-06-15 00:44:39,203.81.175.36
2011-06-15 00:43:48,203.81.175.36
2011-06-08 03:13:54,202.115.22.222
2011-06-07 18:26:45,152.14.93.145
2011-06-07 18:25:15,152.14.93.145
2011-06-03 13:10:30,152.14.243.104
2011-05-31 11:27:55,24.60.166.133
2011-05-31 11:27:54,24.60.166.133
2011-05-31 11:20:54,76.127.142.70
2011-05-24 14:27:11,173.26.191.99
2011-05-20 17:00:45,173.26.254.249
2011-05-17 14:53:24,24.60.166.133
2011-05-17 13:45:29,173.26.254.249
2011-05-17 12:48:28,173.26.254.249
2011-05-17 12:42:19,173.26.254.249
2011-05-16 16:52:23,130.83.220.142
2011-05-15 20:25:10,147.243.236.148
2011-05-10 04:24:12,194.167.251.21
2011-04-27 04:24:53,95.67.80.146
2011-04-20 01:36:34,121.52.155.50
2011-04-08 05:31:16,218.211.227.156
2011-03-28 01:55:47,122.164.181.176
2011-03-14 11:52:04,86.124.220.29
2011-03-04 03:56:50,217.219.104.30
2011-02-26 09:09:33,202.108.18.192
2011-02-17 13:44:09,91.214.45.223
2011-02-12 06:21:13,91.214.45.223
2011-01-30 15:29:49,142.150.238.8
2011-01-11 02:37:50,147.8.182.126
2011-01-07 03:02:39,166.111.137.20
2011-01-07 02:59:55,166.111.137.20
2011-01-06 04:02:27,211.143.231.74
2011-01-02 23:14:08,147.8.182.161
2011-01-01 10:31:42,58.31.128.194
2010-12-28 13:06:59,134.197.121.245
2010-12-22 20:13:37,71.192.161.51
2010-12-22 09:19:52,65.219.4.9
2010-12-17 01:43:31,202.114.66.2
2010-12-16 23:32:26,61.230.178.37
2010-12-16 03:07:50,203.94.71.181
2010-12-08 12:26:01,202.40.139.170
2010-12-07 09:41:48,217.216.155.156
2010-12-07 04:13:51,125.71.228.70
2010-12-07 04:13:30,125.71.228.70
2010-11-29 02:01:39,91.205.96.13
2010-11-24 05:37:26,163.117.139.47
2010-11-11 02:17:36,80.152.160.143
2010-11-07 13:21:47,202.6.112.48
2010-11-05 02:29:30,219.234.81.136
2010-11-05 02:24:19,219.234.81.136
2010-11-05 02:24:15,219.234.81.136
2010-11-04 11:04:19,121.33.190.168
2010-11-04 09:01:30,130.83.163.213
2010-10-31 08:54:01,218.85.112.17
2010-10-28 10:43:16,146.227.1.15
2010-10-27 14:35:12,128.174.244.214
2010-10-27 14:34:45,128.174.244.214
2010-10-24 03:49:03,60.255.203.198
2010-10-22 21:02:14,72.43.206.226
2010-10-21 18:17:24,95.215.0.195
2010-10-14 02:50:53,131.112.16.96
2010-10-09 17:52:13,78.183.38.220
2010-10-07 16:09:45,92.230.210.69
2010-10-06 11:41:37,129.97.92.222
2010-10-04 12:20:07,141.223.107.136
2010-09-29 15:02:56,192.17.105.216
2010-09-22 01:54:13,173.183.79.192
2010-09-22 01:46:04,173.183.79.192
2010-09-21 02:50:04,78.233.214.97
2010-09-16 07:46:53,113.240.68.204
2010-09-12 16:46:53,67.176.192.248
2010-09-08 12:40:17,192.17.108.3
2010-09-08 12:34:55,192.17.108.3
2010-09-08 12:33:07,192.17.108.3
2010-09-08 12:28:46,192.17.108.3
2010-09-07 19:24:36,192.17.107.72
2010-09-07 19:19:42,192.17.107.72
2010-09-07 19:17:53,192.17.107.72
2010-09-07 19:13:36,192.17.107.72
2010-08-18 07:27:36,189.83.210.129
2010-08-06 09:59:53,131.227.151.223
2010-08-05 21:56:12,117.103.228.53
2010-08-05 05:24:07,117.103.228.53
2010-08-05 04:18:56,117.103.228.53
2010-08-05 03:54:07,117.103.228.53
2010-08-04 13:09:01,192.223.136.6
2010-08-01 12:01:11,218.77.105.248
2010-08-01 10:04:52,83.219.119.32
2010-07-23 13:29:00,128.222.37.57
2010-07-20 17:50:12,65.203.131.194
2010-07-20 17:39:44,65.203.131.194
2010-07-20 12:55:59,65.203.131.194
2010-07-17 10:39:03,193.157.204.45
2010-07-17 10:11:58,129.240.68.130
2010-07-14 04:13:17,58.193.152.39
2010-07-13 11:04:22,125.82.5.92
2010-07-08 12:19:32,168.7.116.82
2010-06-29 22:20:54,221.217.180.80
2010-06-29 22:20:50,221.217.180.80
2010-06-29 22:19:56,221.217.180.80
2010-06-29 22:16:47,221.217.180.80
2010-06-29 22:15:33,221.217.180.80
2010-06-22 22:20:49,210.0.224.23
2010-06-15 01:18:45,123.193.240.156
2010-06-14 02:52:31,61.213.152.101
2010-06-11 10:49:02,192.107.175.11
2010-06-11 10:46:00,112.65.49.38
2010-06-10 04:20:31,130.161.158.141
2010-06-07 16:41:45,24.192.99.32
2010-06-03 10:20:52,128.174.247.93
2010-05-23 21:22:26,128.174.247.93
2010-05-23 20:08:05,59.174.167.142
2010-05-23 19:58:08,59.174.167.142
2010-05-21 23:14:38,108.56.201.190
2010-05-20 09:19:41,220.181.61.165
2010-05-18 16:22:42,151.62.46.61
2010-05-13 10:45:21,70.51.232.207
2010-05-12 17:16:13,128.174.247.93
2010-05-10 05:26:46,58.147.168.28
2010-05-05 23:20:48,137.132.250.13
2010-05-05 10:44:31,122.120.33.115
2010-05-04 14:43:57,209.202.115.133
2010-05-02 07:47:43,147.8.182.103
2010-04-28 21:44:12,24.1.31.152
2010-04-27 07:29:05,99.243.210.116
2010-04-27 06:44:45,59.162.253.190
2010-04-26 08:43:10,147.8.183.242
2010-04-25 01:33:23,154.5.33.240
2010-04-23 10:10:19,193.49.161.206
2010-04-22 22:16:00,93.174.93.222
2010-04-22 05:41:54,137.132.250.7
2010-04-21 07:16:50,113.57.64.78
2010-04-21 00:55:46,137.132.250.6
2010-04-19 00:34:47,173.32.65.198
2010-04-17 19:52:33,75.67.133.202
2010-04-16 03:47:40,193.49.161.184
2010-04-15 08:16:48,203.162.21.214
2010-04-13 17:12:35,192.17.145.146
2010-04-12 20:06:44,61.61.254.9
2010-04-10 07:04:20,219.79.97.162
2010-04-04 03:40:10,82.236.133.162
2010-04-03 11:00:24,71.231.179.93
2010-04-02 03:16:43,220.244.174.105
2010-03-28 23:45:50,24.240.78.147
2010-03-25 22:36:25,173.26.204.235
2010-03-14 03:30:20,192.107.175.11
2010-03-12 14:05:30,128.174.247.72
2010-03-10 17:00:14,128.125.163.177
2010-02-24 22:31:18,128.146.27.107
2010-02-23 03:15:40,155.69.220.214
2010-02-23 03:15:39,155.69.220.214
2010-02-23 03:15:14,155.69.220.214
2010-02-23 03:15:12,155.69.220.214
2010-02-22 09:42:50,98.176.164.165
2010-02-19 11:14:58,93.106.123.35
2010-02-18 03:56:18,163.143.91.109
2010-02-09 20:34:33,137.132.250.13
2010-02-09 20:21:56,137.132.250.13
2010-02-09 20:19:43,137.132.250.13
2010-02-09 19:03:27,137.132.250.13
2010-02-09 08:45:23,125.232.102.25
2010-02-01 07:43:26,125.33.186.223
2010-01-31 15:27:59,128.174.247.22
2010-01-22 10:47:52,202.156.10.247
2010-01-20 18:27:45,99.48.55.150
2010-01-19 17:17:29,152.14.240.172
2010-01-18 19:56:46,119.145.41.2
2010-01-16 10:06:10,219.234.81.115
2010-01-15 20:47:13,219.234.81.100
2010-01-15 11:59:07,165.124.182.199
2010-01-15 11:58:44,165.124.182.199
2010-01-15 03:08:55,210.42.103.134
2010-01-13 21:19:55,98.212.128.133
2010-01-13 20:38:58,98.212.128.133
2010-01-13 20:36:24,98.212.128.133
2010-01-13 20:31:34,98.212.128.133
2010-01-13 20:17:03,98.212.128.133
2010-01-13 19:43:57,98.212.128.133
2010-01-13 19:08:50,210.42.103.134
2010-01-13 15:34:07,165.124.214.59
2010-01-13 15:32:24,165.124.214.59
2010-01-13 15:31:40,165.124.116.23
2010-01-13 14:53:23,165.124.116.23
2010-01-13 13:32:29,192.17.205.154
2010-01-13 13:09:53,192.17.205.154
2010-01-13 12:57:59,192.17.205.154
2010-01-13 12:26:30,192.17.205.154
2010-01-12 23:17:52,202.117.64.106
2010-01-07 12:19:36,24.1.31.152
2010-01-07 11:21:55,24.1.31.152
2010-01-06 10:25:10,129.186.159.237
2010-01-06 10:24:34,129.186.159.237
2010-01-04 18:42:47,129.186.159.237
2010-01-02 08:51:20,149.156.124.3
2010-01-02 08:50:48,149.156.124.3
2009-12-31 17:00:01,129.186.159.237
2009-12-28 15:58:07,167.206.125.124
2009-12-19 17:10:42,192.107.175.11
2009-12-18 06:33:59,59.174.173.72
2009-12-13 13:25:29,24.187.39.31
2009-12-10 13:07:57,76.171.166.59
2009-12-02 21:44:46,220.255.7.244
2009-11-30 08:20:01,88.163.79.114
2009-11-29 01:50:52,130.245.206.18
2009-11-29 01:50:32,130.245.206.18
2009-11-24 21:04:14,210.75.225.122
2009-11-24 13:47:24,128.174.247.93
2009-11-15 22:59:36,218.249.29.148
2009-11-12 05:01:39,166.111.137.20
2009-11-09 05:03:29,88.163.79.114
2009-11-06 03:47:10,210.75.225.140
2009-11-06 01:26:34,123.116.125.19
2009-11-05 02:35:06,123.116.125.19
2009-11-04 06:33:23,203.110.246.22
2009-11-01 17:23:53,81.157.222.33
2009-10-31 11:55:48,119.131.170.174
2009-10-23 08:00:46,130.83.139.12
2009-10-16 14:20:47,135.245.10.1
2009-10-16 13:23:47,98.212.207.191
2009-10-16 13:23:45,98.212.207.191
2009-10-15 20:54:10,152.14.242.20
2009-10-15 15:46:09,150.148.0.65
2009-10-12 02:45:59,59.174.165.191
2009-10-12 02:43:50,117.32.153.145
2009-10-12 01:39:57,59.174.165.191
2009-10-11 21:54:35,59.174.165.191
2009-10-09 02:31:52,202.113.76.99
2009-10-08 00:45:55,147.8.182.111
2009-10-07 08:03:00,114.32.87.15
2009-09-28 02:33:58,218.249.29.148
2009-09-27 00:35:57,147.8.182.111
2009-09-26 18:15:58,188.40.79.201
2009-09-24 17:23:57,69.236.84.93
2009-09-20 10:00:00,98.212.207.191
2009-09-19 21:06:17,192.107.175.11
2009-09-19 11:51:04,213.233.184.119
2009-09-15 02:20:47,165.21.240.146
2009-09-14 08:27:09,117.32.153.145
2009-09-13 08:00:58,59.174.27.137
2009-09-11 05:50:20,166.111.137.20
2009-09-09 11:38:58,98.212.207.191
2009-09-05 07:50:27,125.71.228.73
2009-09-02 16:00:18,128.174.247.93
2009-09-02 07:28:21,117.32.153.145
2009-08-26 22:33:31,140.112.29.128
2009-08-26 22:30:41,140.112.29.128
2009-08-20 09:03:10,128.8.127.163
2009-08-03 21:20:15,210.42.103.134
2009-08-03 21:19:57,210.42.103.134
2009-08-01 16:17:37,128.174.247.93
2009-07-30 06:17:47,82.81.129.92
2009-07-27 16:04:11,94.54.19.126
2009-07-22 23:06:33,128.174.247.22
2009-07-22 09:16:01,130.126.179.184
2009-07-18 00:03:21,192.17.206.13
2009-07-18 00:03:19,192.17.206.13
2009-07-18 00:03:17,192.17.206.13
2009-07-18 00:03:11,192.17.206.13
2009-07-11 02:34:38,117.58.240.43
2009-07-09 09:08:39,121.227.142.235
2009-07-06 09:25:35,128.174.247.93
2009-07-03 02:01:14,202.156.10.251
2009-06-30 09:11:11,58.192.33.82
2009-06-21 10:13:47,123.103.67.173
2009-06-14 20:35:41,192.107.175.11
2009-06-11 06:16:54,140.203.154.11
2009-06-11 03:57:33,80.199.118.186
2009-06-11 03:55:58,80.199.118.186
2009-06-08 09:45:44,119.237.155.61
2009-06-08 02:31:23,210.107.132.242
2009-06-03 08:15:37,219.143.151.146
2009-06-02 01:27:09,122.164.27.153
2009-05-28 05:33:01,82.227.5.241
2009-05-26 20:49:07,222.128.5.154
2009-05-26 20:48:58,222.128.5.154
2009-05-25 21:22:43,128.174.237.103
2009-05-25 21:22:35,128.174.237.103
2009-05-25 21:22:27,128.174.237.103
2009-05-25 21:22:19,128.174.237.103
2009-05-25 21:22:10,128.174.237.103
2009-05-25 21:21:47,128.174.237.103
2009-05-25 21:21:38,128.174.237.103
2009-05-25 21:21:30,128.174.237.103
2009-05-25 21:21:22,128.174.237.103
2009-05-25 21:21:14,128.174.237.103
2009-05-25 20:42:03,128.174.237.103
2009-05-25 20:41:53,128.174.237.103
2009-05-25 16:43:45,128.174.237.103
2009-05-25 16:43:36,128.174.237.103
2009-05-25 16:43:28,128.174.237.103
2009-05-25 16:43:20,128.174.237.103
2009-05-25 16:43:12,128.174.237.103
2009-05-25 16:42:47,128.174.237.103
2009-05-25 16:42:39,128.174.237.103
2009-05-25 16:42:30,128.174.237.103
2009-05-25 16:42:22,128.174.237.103
2009-05-25 16:42:14,128.174.237.103
2009-05-25 14:54:02,128.174.237.103
2009-05-25 14:53:52,128.174.237.103
2009-05-22 02:09:36,155.69.221.119
2009-05-20 02:42:48,155.69.221.119
2009-05-12 09:03:47,82.227.5.241
2009-05-11 03:59:06,195.130.72.60
2009-05-11 03:53:28,195.130.72.60
2009-05-07 03:58:50,140.203.154.11
2009-05-05 15:22:40,98.212.207.191
2009-05-01 05:39:09,121.33.190.156
2009-04-28 12:34:56,128.174.247.93
2009-04-17 22:47:23,121.15.94.100
2009-04-17 22:47:20,121.15.94.100
2009-04-13 13:41:29,98.212.224.57
2009-04-09 13:23:08,128.174.240.97
2009-04-09 12:33:44,192.17.144.65
2009-04-08 22:40:16,144.214.130.3
2009-04-05 00:23:32,210.42.103.134
2009-04-03 20:34:02,210.42.103.134
2009-04-03 13:59:05,131.94.128.107
2009-04-03 13:58:31,131.94.134.65
2009-03-31 15:28:15,131.94.128.107
2009-03-31 07:22:06,147.46.251.214
2009-03-30 23:25:41,203.247.149.252
2009-03-30 14:48:34,192.17.145.132
2009-03-30 02:49:30,218.188.3.10
2009-03-28 20:20:45,58.218.185.111
2009-03-25 23:22:58,141.223.107.118
2009-03-25 10:34:22,131.94.129.120
2009-03-25 10:18:47,131.94.108.105
2009-03-20 02:08:06,129.254.242.41
2009-03-16 21:23:58,98.212.207.191
2009-03-14 17:24:25,128.174.247.22
2009-03-14 15:16:28,192.107.175.11
2009-03-14 13:45:18,218.76.61.69
2009-03-04 10:54:30,202.156.10.243
2009-03-01 21:13:33,219.223.194.194
2009-02-27 11:14:51,218.28.29.234
2009-02-27 01:19:09,203.110.175.46
2009-02-23 01:43:02,219.223.194.194
2009-02-22 01:31:23,59.174.181.73
2009-02-18 20:36:02,98.212.207.191
2009-02-18 20:35:58,98.212.207.191
2009-02-18 20:35:55,98.212.207.191
2009-02-18 14:00:34,128.174.247.22
2009-02-17 19:36:12,58.207.160.108
2009-02-17 07:49:37,58.207.136.130
2009-02-12 10:51:14,98.212.207.191
2009-02-12 01:28:23,137.132.3.6
2009-02-01 21:24:20,166.111.140.21
2009-02-01 10:20:41,141.154.76.107
2009-01-26 16:46:44,128.174.247.93
2009-01-26 16:46:42,128.174.247.93
2009-01-26 16:46:39,128.174.247.93
2009-01-21 12:13:37,129.93.159.67
2009-01-20 04:39:05,58.212.83.74
2009-01-20 04:08:30,58.212.83.74
2009-01-20 04:05:01,58.212.83.74
2009-01-19 16:26:50,128.174.247.22
2009-01-14 10:19:23,79.28.48.209
2009-01-10 22:51:35,98.212.207.191
2009-01-08 13:16:55,137.73.11.160
2009-01-08 12:47:25,128.174.247.22
2009-01-08 03:29:32,218.76.43.127
2008-12-30 14:26:25,98.212.207.191
2008-12-27 08:56:57,76.197.245.88
2008-12-24 15:32:15,202.40.139.171
2008-12-23 22:21:21,218.24.179.205
2008-12-19 07:42:56,192.107.175.11
2008-12-19 00:58:48,219.133.62.73
2008-12-18 12:20:04,128.174.244.37
2008-12-18 12:19:56,128.174.244.37
2008-12-18 12:19:48,128.174.244.37
2008-12-18 12:19:40,128.174.244.37
2008-12-18 12:19:32,128.174.244.37
2008-12-18 12:19:20,128.174.244.37
2008-12-18 12:19:12,128.174.244.37
2008-12-18 12:19:04,128.174.244.37
2008-12-18 12:18:55,128.174.244.37
2008-12-18 12:18:47,128.174.244.37
2008-12-18 08:35:39,128.174.244.37
2008-12-18 08:35:30,128.174.244.37
2008-12-15 18:23:19,128.61.82.238
2008-12-13 06:52:21,155.245.64.87
2008-12-10 06:26:26,132.227.83.156
2008-12-09 08:40:13,91.184.76.13
2008-12-05 00:19:22,202.120.7.16
2008-12-05 00:19:21,202.120.7.16
2008-12-05 00:18:00,121.14.96.152
2008-12-05 00:17:30,202.120.7.16
2008-12-05 00:17:01,202.120.7.16
2008-12-03 10:03:44,128.238.34.227
2008-12-03 10:03:19,128.238.34.227
2008-12-02 07:37:25,130.161.158.117
2008-12-01 08:41:17,121.246.235.244
2008-11-30 06:23:27,210.42.103.134
2008-11-25 16:52:10,152.14.92.44
2008-11-25 16:50:11,152.14.241.2
2008-11-19 01:28:27,24.63.207.195
2008-11-18 16:25:29,72.85.171.92
2008-11-15 05:11:30,24.250.245.209
2008-11-13 10:26:44,82.50.13.181
2008-11-12 14:45:24,152.14.241.2
2008-11-09 11:13:02,24.63.207.195
2008-11-09 11:07:10,24.63.207.195
2008-11-08 12:13:03,24.174.2.101
2008-11-04 10:12:27,75.101.223.215
2008-11-02 14:07:50,149.164.36.55
2008-11-02 02:09:42,221.146.229.104
2008-11-02 02:09:32,221.146.229.104
2008-10-31 02:38:10,147.6.2.227
2008-10-27 15:02:56,128.238.38.121
2008-10-24 04:33:10,193.230.227.3
2008-10-24 02:16:32,209.252.124.90
2008-10-22 09:26:53,121.34.176.89
2008-10-22 09:26:51,121.34.176.89
2008-10-22 09:26:48,121.34.176.89
2008-10-21 06:07:04,122.169.132.92
2008-10-20 09:55:34,128.174.247.22
2008-10-18 13:53:29,81.153.22.246
2008-10-17 11:32:39,128.84.97.240
2008-10-16 04:28:09,195.43.9.238
2008-10-14 21:21:17,129.59.8.10
2008-10-14 21:21:05,129.59.8.10
2008-10-14 13:00:03,128.174.247.22
2008-10-13 04:55:45,166.111.137.20
2008-10-13 04:54:48,166.111.137.20
2008-10-12 21:21:46,129.59.89.158
2008-10-10 23:06:26,128.174.244.37
2008-10-10 23:06:06,128.174.244.37
2008-10-10 21:29:22,128.174.244.37
2008-10-10 21:23:31,128.174.244.37
2008-10-10 21:17:03,128.174.244.37
2008-10-10 20:56:23,128.174.244.37
2008-10-10 20:56:23,128.174.244.37
2008-10-09 16:16:37,129.59.82.254
2008-10-09 16:14:16,129.59.82.254
2008-10-08 21:56:44,140.114.39.160
2008-10-08 21:54:55,140.114.39.160
2008-10-07 21:09:58,140.114.39.160
2008-10-07 11:39:54,128.36.149.100
2008-10-07 08:40:53,195.142.236.12
2008-10-07 05:10:13,202.115.22.253
2008-10-06 13:58:22,98.220.250.171
2008-10-06 01:45:50,130.192.156.245
2008-10-04 21:53:23,129.59.83.51
2008-10-02 07:51:23,140.114.39.160
2008-10-02 07:51:13,140.114.39.160
2008-10-02 07:51:11,140.114.39.160
2008-10-02 07:49:59,140.114.39.160
2008-10-02 07:47:02,140.114.39.160
2008-09-30 03:35:54,202.78.230.194
2008-09-28 15:05:45,118.161.154.133
2008-09-26 02:05:14,140.123.102.61
2008-09-23 08:56:41,193.10.66.22
2008-09-23 02:53:02,140.114.39.160
2008-09-20 21:08:56,212.178.222.21
2008-09-17 07:53:40,202.40.139.171
2008-09-14 14:33:53,98.212.202.202
2008-09-06 20:33:32,192.107.175.11
2008-09-04 14:01:08,171.69.75.45
2008-09-03 09:40:04,222.20.249.90
2008-09-02 11:52:04,70.42.78.72
2008-09-02 00:43:03,125.35.5.70
2008-09-01 00:45:35,130.126.136.100
2008-08-26 23:25:43,220.248.148.130
2008-08-26 15:15:22,189.10.170.33
2008-08-26 15:15:21,189.10.170.33
2008-08-26 15:15:20,189.10.170.33
2008-08-26 13:36:16,200.233.31.248
2008-08-26 13:36:03,200.233.31.248
2008-08-26 13:34:49,200.233.31.248
2008-08-26 13:19:08,189.10.170.33
2008-08-26 13:12:58,189.10.170.33
2008-08-25 15:41:02,200.233.31.248
2008-08-25 15:07:43,209.131.62.113
2008-08-20 21:40:44,209.131.62.115
2008-08-14 05:41:50,192.16.201.134
2008-08-13 17:39:02,158.130.53.130
2008-08-13 11:16:10,128.174.253.188
2008-08-07 18:24:19,130.156.66.74
2008-08-07 18:24:08,130.156.66.74
2008-08-06 21:33:25,131.236.1.5
2008-08-05 20:06:45,130.126.130.117
2008-08-05 14:21:53,89.240.54.130
2008-08-03 16:22:20,129.59.89.129
2008-08-02 15:53:02,189.32.115.178
2008-08-02 02:26:18,162.105.146.2
2008-08-02 02:25:48,162.105.146.2
2008-07-31 16:47:34,142.150.238.15
2008-07-31 07:55:24,117.3.35.109
2008-07-31 07:22:10,202.153.42.243
2008-07-31 04:36:55,220.234.161.5
2008-07-30 13:07:58,142.150.238.15
2008-07-30 13:01:09,131.107.204.126
2008-07-27 19:15:36,130.156.68.217
2008-07-24 23:57:21,203.162.3.159
2008-07-24 23:51:07,203.162.3.159
2008-07-23 14:13:07,130.192.157.132
2008-07-23 14:12:43,156.17.10.52
2008-07-23 00:58:32,202.114.114.30
2008-07-23 00:58:32,202.114.114.30
2008-07-22 11:17:13,202.70.91.3
2008-07-20 22:49:10,166.111.130.25
2008-07-20 20:44:09,159.226.40.7
2008-07-18 09:16:06,222.183.19.232
2008-07-17 22:36:20,159.226.40.7
2008-07-16 16:22:11,63.162.194.147
2008-07-14 21:51:19,159.226.39.198
2008-07-13 13:16:23,24.5.182.131
2008-07-09 17:18:11,129.59.89.129
2008-07-09 17:17:12,129.59.89.129
2008-07-09 17:16:59,129.59.89.129
2008-07-07 12:13:53,202.70.91.3
2008-07-06 15:44:12,143.215.129.49
2008-07-06 08:21:16,221.10.55.208
2008-07-03 16:40:00,152.7.207.154
2008-07-03 16:37:51,152.7.207.154
2008-07-03 16:34:49,152.7.207.154
2008-07-03 05:57:00,202.70.91.3
2008-07-03 05:56:17,202.70.91.3
2008-07-02 13:25:16,135.245.152.36
2008-07-02 01:29:51,123.112.69.252
2008-07-01 17:35:22,63.116.109.10
2008-07-01 10:26:59,58.147.168.28
2008-07-01 10:25:15,58.147.168.28
2008-07-01 09:21:19,159.226.21.63
2008-06-30 16:04:35,128.10.8.99
2008-06-27 10:16:40,195.235.93.131
2008-06-25 12:07:04,59.109.75.82
2008-06-24 11:54:22,211.145.120.240
2008-06-24 11:52:21,211.145.120.240
2008-06-24 09:13:55,151.21.22.221
2008-06-24 04:29:00,130.206.30.218
2008-06-22 10:28:06,130.156.71.118
2008-06-22 04:32:47,159.226.43.49
2008-06-21 13:45:03,59.172.157.61
2008-06-21 13:44:47,59.172.157.61
2008-06-20 19:32:07,65.92.240.152
2008-06-19 20:20:28,159.226.39.198
2008-06-19 08:24:43,58.207.152.176
2008-06-19 08:24:35,58.207.152.176
2008-06-19 08:22:03,58.207.152.176
2008-06-18 06:24:12,155.245.64.87
2008-06-17 20:15:33,68.48.229.28
2008-06-13 03:44:03,165.93.176.109
2008-06-12 20:10:04,128.61.28.41
2008-06-12 20:09:42,128.61.28.41
2008-06-10 19:42:31,210.107.132.76
2008-06-09 14:46:55,200.233.31.248
2008-06-08 21:08:50,150.65.2.137
2008-06-08 10:13:47,130.156.71.118
2008-06-08 02:19:09,192.107.175.11
2008-06-06 09:27:42,200.96.84.212
2008-06-06 06:35:36,130.192.156.245
2008-06-06 04:58:35,202.40.139.164
2008-06-06 04:26:04,130.192.156.245
2008-06-05 06:40:15,130.192.3.16
2008-06-02 14:33:44,164.119.80.241
2008-06-01 19:39:17,128.95.33.223
2008-05-30 22:28:59,68.100.63.110
2008-05-26 23:19:25,98.212.190.67
2008-05-22 21:02:40,58.211.218.102
2008-05-22 08:41:14,82.51.42.196
2008-05-22 04:05:43,82.233.157.198
2008-05-21 16:34:22,129.107.2.114
2008-05-20 02:49:39,166.111.138.101
2008-05-19 10:08:12,128.174.73.173
2008-05-19 03:50:36,130.192.157.154
2008-05-18 18:27:25,82.225.185.154
2008-05-13 22:09:53,128.174.247.22
2008-05-12 00:52:17,220.227.177.73
2008-05-09 13:01:05,128.174.241.61
2008-05-08 18:14:48,24.3.18.131
2008-05-08 18:12:13,24.3.18.131
2008-05-08 03:17:43,202.197.8.3
2008-05-07 13:13:46,151.21.18.125
2008-05-07 08:57:40,130.192.157.154
2008-05-07 05:14:27,130.192.156.245
2008-05-06 13:05:58,151.21.22.213
2008-05-06 04:58:46,209.85.93.227
2008-05-04 23:47:21,218.104.71.166
2008-05-04 05:25:05,159.226.39.195
2008-05-03 14:51:58,128.211.179.45
2008-05-03 03:17:12,218.104.71.166
2008-05-01 04:51:41,163.152.219.208
2008-04-29 20:39:36,220.130.147.46
2008-04-29 11:33:39,128.174.247.22
2008-04-27 17:01:02,128.174.253.219
2008-04-27 11:23:41,58.20.34.13
2008-04-27 11:23:41,58.20.34.13
2008-04-26 21:31:10,218.6.128.28
2008-04-26 21:20:06,58.20.34.13
2008-04-26 21:20:05,202.197.8.3
2008-04-26 20:49:30,122.116.113.16
2008-04-26 12:38:15,71.232.76.51
2008-04-24 20:10:21,133.243.3.18
2008-04-24 18:24:49,128.174.247.205
2008-04-24 14:20:10,128.174.253.74
2008-04-24 14:19:54,128.174.253.74
2008-04-24 05:18:55,98.212.172.243
2008-04-24 01:09:17,128.189.189.49
2008-04-23 07:23:46,166.111.138.101
2008-04-22 23:06:07,159.226.39.195
2008-04-22 22:18:48,218.104.71.166
2008-04-22 13:28:15,189.70.178.144
2008-04-21 21:46:57,218.104.71.166
2008-04-20 15:39:45,99.147.11.5
2008-04-20 15:25:51,98.212.161.224
2008-04-20 15:24:23,98.212.161.224
2008-04-20 15:24:13,98.212.161.224
2008-04-19 22:42:54,210.77.11.70
2008-04-18 22:47:43,221.10.55.227
2008-04-18 21:22:22,159.226.39.195
2008-04-18 16:39:36,169.231.44.222
2008-04-18 13:13:03,128.174.241.41
2008-04-18 10:09:22,221.10.55.248
2008-04-18 09:57:50,210.13.109.121
2008-04-18 09:11:22,128.174.253.186
2008-04-17 23:25:54,98.212.190.67
2008-04-17 22:49:37,128.174.241.179

